One Pace S01E01 - 1,907.mkv
One Pace S01E02 - 1.mkv
One Pace S01E03 - 2 - 19.mkv
One Pace S01E04 - 3.mkv
One Pace S02E01 - 4 - 6.mkv
One Pace S02E02 - 6 - 7.mkv
One Pace S02E03 - 8.mkv
One Pace S03E01 - 9 - 10.mkv
One Pace S03E02 - 10 - 11.mkv
One Pace S03E03 - 12 - 13.mkv
One Pace S03E04 - 13 - 14.mkv
One Pace S03E05 - 15 - 16.mkv
One Pace S03E06 - 16 - 17.mkv
One Pace S03E07 - 17.mkv
One Pace S04E01 - 18.mkv
One Pace S05E01 - 19 - 21.mkv
One Pace S05E02 - 21 - 23.mkv
One Pace S05E03 - 23,24,29,135.mkv
One Pace S05E04 - 25.mkv
One Pace S05E05 - 26.mkv
One Pace S05E06 - 27 - 28.mkv
One Pace S05E07 - 28 - 29.mkv
One Pace S05E08 - 30.mkv
One Pace S06E01 - 31 - 32.mkv
One Pace S06E02 - 32 - 33.mkv
One Pace S06E03 - 33 - 34.mkv
One Pace S06E04 - 34 - 36.mkv
One Pace S06E05 - 36 - 37.mkv
One Pace S06E06 - 38 - 39.mkv
One Pace S06E07 - 39 - 40.mkv
One Pace S06E08 - 40 - 42.mkv
One Pace S06E09 - 42 - 43.mkv
One Pace S06E10 - 43 - 44.mkv
One Pace S06E11 - 46 - 47.mkv
One Pace S07E01 - 45,48,49.mkv
One Pace S07E02 - 48 - 50.mkv
One Pace S07E03 - 52 - 53.mkv
One Pace S08E01 - 54,55,61,62.mkv
One Pace S08E02 - 62 - 63.mkv
One Pace S09E01 - 64 - 65.mkv
One Pace S09E02 - 65 - 67.mkv
One Pace S09E03 - 68 - 69.mkv
One Pace S10E01 - 70 - 71.mkv
One Pace S10E02 - 71 - 72.mkv
One Pace S10E03 - 73 - 74.mkv
One Pace S10E04 - 75 - 76.mkv
One Pace S10E05 - 77 - 79.mkv
One Pace S11E01 - 78 - 79.mkv
One Pace S11E02 - 80 - 81.mkv
One Pace S11E03 - 82 - 83.mkv
One Pace S11E04 - 84.mkv
One Pace S11E05 - 85 - 86.mkv
One Pace S11E06 - 83,86,88.mkv
One Pace S11E07 - 88 - 90.mkv
One Pace S11E08 - 90 - 91.mkv
One Pace S12E01 - 92.mkv
One Pace S12E02 - 93 - 95.mkv
One Pace S12E03 - 96 - 98.mkv
One Pace S12E04 - 98,100,101,103.mkv
One Pace S12E05 - 100,103,104.mkv
One Pace S12E06 - 105.mkv
One Pace S12E07 - 106.mkv
One Pace S12E08 - 107 - 108.mkv
One Pace S12E09 - 109 - 110.mkv
One Pace S12E10 - 111 - 112.mkv
One Pace S12E11 - 113 - 114.mkv
One Pace S12E12 - 115 - 116.mkv
One Pace S12E13 - 113,116,118.mkv
One Pace S12E14 - 118 - 119.mkv
One Pace S12E15 - 120 - 121.mkv
One Pace S12E16 - 121 - 122.mkv
One Pace S12E17 - 123 - 124.mkv
One Pace S12E18 - 125 - 126.mkv
One Pace S12E19 - 127 - 128.mkv
One Pace S12E20 - 128 - 129.mkv
One Pace S12E21 - 130.mkv
One Pace S13E01 - 143 - 144.mkv
One Pace S13E02 - 145 - 146.mkv
One Pace S13E03 - 147.mkv
One Pace S13E04 - 148.mkv
One Pace S13E05 - 149.mkv
One Pace S13E06 - 150.mkv
One Pace S13E07 - 145 - 151.mkv
One Pace S13E08 - 152.mkv
One Pace S14E01 - 153.mkv
One Pace S14E02 - 154.mkv
One Pace S14E03 - 155 - 156.mkv
One Pace S14E04 - 157 - 158.mkv
One Pace S14E05 - 159 - 160.mkv
One Pace S14E06 - 161 - 163.mkv
One Pace S14E07 - 163 - 164.mkv
One Pace S14E08 - 165 - 167.mkv
One Pace S14E09 - 168 - 169.mkv
One Pace S14E10 - 170 - 171.mkv
One Pace S14E11 - 171 - 173.mkv
One Pace S14E12 - 172 - 174.mkv
One Pace S14E13 - 175 - 176.mkv
One Pace S14E14 - 177 - 179.mkv
One Pace S14E15 - 179 - 181.mkv
One Pace S14E16 - 181 - 182.mkv
One Pace S14E17 - 183 - 185.mkv
One Pace S14E18 - 185 - 186.mkv
One Pace S14E19 - 187 - 188.mkv
One Pace S14E20 - 188.mkv
One Pace S14E21 - 189 - 190.mkv
One Pace S14E22 - 191 - 192.mkv
One Pace S14E23 - 193.mkv
One Pace S14E24 - 194.mkv
One Pace S14E25 - 195,203,207.mkv
One Pace S14E25 - 195,203,207.mkv
One Pace S15E00 - 207 - 225.mkv
One Pace S15E01 - 207 - 209.mkv
One Pace S15E02 - 209 - 210.mkv
One Pace S15E03 - 211 - 212.mkv
One Pace S15E04 - 212,215,217,218.mkv
One Pace S15E05 - 219 - 226.mkv
One Pace S15E06 - 227 - 228.mkv
One Pace S16E01 - 228 - 230.mkv
One Pace S16E02 - 229 - 231.mkv
One Pace S16E03 - 232 - 234.mkv
One Pace S16E04 - 234 - 235.mkv
One Pace S16E05 - 235 - 236.mkv
One Pace S16E06 - 237 - 239.mkv
One Pace S16E07 - 239 - 240.mkv
One Pace S16E08 - 240 - 241.mkv
One Pace S16E09 - 242 - 243.mkv
One Pace S16E10 - 244 - 246.mkv
One Pace S16E11 - 246 - 248.mkv
One Pace S16E12 - 248 - 249.mkv
One Pace S16E13 - 249 - 250.mkv
One Pace S16E14 - 250,251,256,320.mkv
One Pace S16E15 - 252 - 254.mkv
One Pace S16E16 - 254 - 255.mkv
One Pace S16E17 - 256 - 257.mkv
One Pace S16E18 - 258 - 259.mkv
One Pace S16E19 - 259 - 261.mkv
One Pace S16E20 - 262 - 263.mkv
One Pace S17E01 - 263 - 265.mkv
One Pace S17E02 - 265 - 266.mkv
One Pace S17E03 - 266 - 267.mkv
One Pace S17E04 - 268 - 269.mkv
One Pace S17E05 - 269 - 271.mkv
One Pace S17E06 - 271 - 273.mkv
One Pace S17E07 - 273 - 274.mkv
One Pace S17E08 - 275 - 276.mkv
One Pace S17E09 - 276 - 277.mkv
One Pace S17E10 - 278.mkv
One Pace S17E11 - 284 - 285.mkv
One Pace S17E12 - 286 - 287.mkv
One Pace S17E13 - 287 - 288.mkv
One Pace S17E14 - 289 - 290.mkv
One Pace S17E15 - 290 - 293.mkv
One Pace S17E16 - 294 - 295.mkv
One Pace S17E17 - 296 - 297.mkv
One Pace S17E18 - 297 - 298.mkv
One Pace S17E19 - 299 - 301.mkv
One Pace S17E20 - 301 - 302.mkv
One Pace S17E21 - 302,304,305.mkv
One Pace S17E22 - 306 - 307.mkv
One Pace S17E23 - 307 - 309.mkv
One Pace S17E24 - 310 - 311.mkv
One Pace S17E25 - 312.mkv
One Pace S18E01 - 313 - 314.mkv
One Pace S18E02 - 315,316,319,320,325.mkv
One Pace S18E03 - 321 - 322.mkv
One Pace S18E04 - 323 - 324.mkv
One Pace S18E05 - 324 - 325.mkv
One Pace S19E01 - 326,337,339.mkv
One Pace S19E02 - 339 - 340.mkv
One Pace S19E03 - 340 - 342.mkv
One Pace S19E04 - 342 - 344.mkv
One Pace S19E05 - 345 - 346.mkv
One Pace S19E06 - 347 - 348.mkv
One Pace S19E07 - 349 - 350.mkv
One Pace S19E08 - 351 - 353.mkv
One Pace S19E09 - 353 - 355.mkv
One Pace S19E10 - 356 - 357.mkv
One Pace S19E11 - 357 - 359.mkv
One Pace S19E12 - 360 - 362.mkv
One Pace S19E13 - 362 - 363.mkv
One Pace S19E14 - 364 - 365.mkv
One Pace S19E15 - 365 - 367.mkv
One Pace S19E16 - 368 - 369.mkv
One Pace S19E17 - 370 - 371.mkv
One Pace S19E18 - 371 - 372.mkv
One Pace S19E19 - 373 - 374.mkv
One Pace S19E20 - 375 - 377.mkv
One Pace S19E21 - 378 - 380.mkv
One Pace S19E22 - 380 - 381.mkv
One Pace S20E01 - 385 - 386.mkv
One Pace S20E02 - 387 - 388.mkv
One Pace S20E03 - 388 - 389.mkv
One Pace S20E04 - 390 - 391.mkv
One Pace S20E05 - 392 - 394.mkv
One Pace S20E06 - 395 - 396.mkv
One Pace S20E07 - 397 - 398.mkv
One Pace S20E08 - 399 - 400.mkv
One Pace S20E09 - 400 - 401.mkv
One Pace S20E10 - 402 - 404.mkv
One Pace S20E11 - 404 - 405.mkv
One Pace S21E01 - 408 - 409.mkv
One Pace S21E02 - 410 - 411.mkv
One Pace S21E03 - 412 - 413.mkv
One Pace S21E04 - 414 - 417.mkv
One Pace S21E05 - 417 - 421.mkv
One Pace S22E01 - 422,423,454.mkv
One Pace S22E02 - 424,425,430.mkv
One Pace S22E03 - 425,430,432.mkv
One Pace S22E04 - 433 - 434.mkv
One Pace S22E05 - 435,438,446.mkv
One Pace S22E06 - 438 - 440.mkv
One Pace S22E07 - 440 - 443.mkv
One Pace S22E08 - 443 - 446.mkv
One Pace S22E09 - 446 - 450.mkv
One Pace S22E10 - 450 - 451.mkv
One Pace S22E11 - 453 - 456.mkv
One Pace S23E01 - 452 - 459.mkv
One Pace S23E02 - 459 - 462.mkv
One Pace S23E03 - 462 - 463.mkv
One Pace S23E04 - 464 - 465.mkv
One Pace S23E05 - 466 - 468.mkv
One Pace S23E06 - 468 - 469.mkv
One Pace S23E07 - 470 - 471.mkv
One Pace S23E08 - 472 - 473.mkv
One Pace S23E09 - 474 - 475.mkv
One Pace S23E10 - 476.mkv
One Pace S23E11 - 477 - 478.mkv
One Pace S23E12 - 479 - 480.mkv
One Pace S23E13 - 481 - 482.mkv
One Pace S23E14 - 483 - 484.mkv
One Pace S23E15 - 484 - 485.mkv
One Pace S23E16 - 486 - 487.mkv
One Pace S23E17 - 488 - 489.mkv
One Pace S24E01 - 490 - 491.mkv
One Pace S24E02 - 493 - 495.mkv
One Pace S24E03 - 496,498,500,501.mkv
One Pace S24E04 - 501 - 503.mkv
One Pace S24E05 - 503 - 505.mkv
One Pace S24E06 - 507 - 510.mkv
One Pace S24E07 - 510 - 512.mkv
One Pace S24E08 - 513 - 516.mkv
One Pace S25E01 - 517 - 519.mkv
One Pace S25E02 - 518 - 520.mkv
One Pace S25E03 - 520 - 522.mkv
One Pace S26E01 - 523 - 524.mkv
One Pace S26E02 - 524 - 526.mkv
One Pace S26E03 - 526 - 527.mkv
One Pace S26E04 - 528 - 529.mkv
One Pace S26E05 - 530 - 531.mkv
One Pace S26E06 - 532 - 533.mkv
One Pace S26E07 - 533 - 534.mkv
One Pace S26E08 - 535 - 537.mkv
One Pace S26E09 - 538,539,541.mkv
One Pace S26E10 - 540 - 541.mkv
One Pace S26E11 - 543 - 545.mkv
One Pace S26E12 - 545 - 546.mkv
One Pace S26E13 - 547 - 550.mkv
One Pace S26E14 - 550 - 551.mkv
One Pace S26E15 - 552 - 553.mkv
One Pace S26E16 - 554 - 556.mkv
One Pace S26E17 - 556 - 558.mkv
One Pace S26E18 - 559 - 560.mkv
One Pace S26E19 - 561 - 562.mkv
One Pace S26E20 - 563 - 567.mkv
One Pace S26E21 - 562 - 567.mkv
One Pace S26E22 - 567 - 569.mkv
One Pace S26E23 - 570 - 571.mkv
One Pace S26E24 - 572 - 573.mkv
One Pace S27E01 - 574 - 579.mkv
One Pace S27E02 - 580 - 583.mkv
One Pace S27E03 - 583 - 585.mkv
One Pace S27E04 - 585 - 587.mkv
One Pace S27E05 - 588 - 589.mkv
One Pace S27E06 - 591 - 592.mkv
One Pace S27E07 - 593 - 594.mkv
One Pace S27E08 - 595 - 596.mkv
One Pace S27E09 - 597 - 598.mkv
One Pace S27E10 - 599 - 600.mkv
One Pace S27E11 - 601 - 602.mkv
One Pace S27E12 - 603 - 604.mkv
One Pace S27E13 - 604 - 606.mkv
One Pace S27E14 - 607 - 608.mkv
One Pace S27E15 - 609 - 610.mkv
One Pace S27E16 - 611 - 612.mkv
One Pace S27E17 - 613 - 614.mkv
One Pace S27E18 - 615 - 616.mkv
One Pace S27E19 - 617 - 618.mkv
One Pace S27E20 - 619 - 621.mkv
One Pace S27E21 - 622 - 623.mkv
One Pace S27E22 - 624,626,628.mkv
One Pace S28E01 - 628 - 631.mkv
One Pace S28E02 - 631 - 633.mkv
One Pace S28E03 - 633 - 635.mkv
One Pace S28E04 - 634 - 637.mkv
One Pace S28E05 - 637 - 638.mkv
One Pace S28E06 - 639 - 642.mkv
One Pace S28E07 - 640 - 643.mkv
One Pace S28E08 - 643 - 645.mkv
One Pace S28E09 - 646 - 647.mkv
One Pace S28E10 - 648 - 649.mkv
One Pace S28E11 - 650 - 651.mkv
One Pace S28E12 - 652 - 654.mkv
One Pace S28E13 - 655 - 657.mkv
One Pace S28E14 - 648,657,659.mkv
One Pace S28E15 - 660 - 661.mkv
One Pace S28E16 - 657,662,663.mkv
One Pace S28E17 - 664 - 665.mkv
One Pace S28E18 - 666 - 667.mkv
One Pace S28E19 - 668 - 670.mkv
One Pace S28E20 - 670 - 672.mkv
One Pace S28E21 - 672 - 675.mkv
One Pace S28E22 - 675 - 678.mkv
One Pace S28E23 - 678 - 680.mkv
One Pace S28E24 - 681 - 683.mkv
One Pace S28E25 - 683 - 686.mkv
One Pace S28E26 - 685 - 688.mkv
One Pace S28E27 - 688 - 691.mkv
One Pace S28E28 - 691 - 693.mkv
One Pace S28E29 - 693 - 696.mkv
One Pace S28E30 - 694,696,698.mkv
One Pace S28E31 - 699 - 700.mkv
One Pace S28E32 - 701 - 702.mkv
One Pace S28E33 - 703 - 704.mkv
One Pace S28E34 - 705 - 706.mkv
One Pace S28E35 - 707 - 711.mkv
One Pace S28E36 - 708 - 711.mkv
One Pace S28E37 - 711 - 713.mkv
One Pace S28E38 - 714 - 716.mkv
One Pace S28E39 - 716 - 719.mkv
One Pace S28E40 - 714,715,720,723.mkv
One Pace S28E41 - 723 - 725.mkv
One Pace S28E42 - 726 - 728.mkv
One Pace S28E43 - 728 - 730.mkv
One Pace S28E44 - 730 - 733.mkv
One Pace S28E45 - 734 - 736.mkv
One Pace S28E46 - 737 - 739.mkv
One Pace S28E47 - 740 - 742.mkv
One Pace S28E48 - 742 - 745.mkv
One Pace S29E01 - 746,747,751,753.mkv
One Pace S29E02 - 753 - 754.mkv
One Pace S29E03 - 755 - 757.mkv
One Pace S29E04 - 757 - 760.mkv
One Pace S29E05 - 759 - 762.mkv
One Pace S29E06 - 762 - 764.mkv
One Pace S29E07 - 764 - 766.mkv
One Pace S29E08 - 767 - 769.mkv
One Pace S29E09 - 769 - 772.mkv
One Pace S29E10 - 772,774,776.mkv
One Pace S30E01 - 777,779,783.mkv
One Pace S30E02 - 783 - 785.mkv
One Pace S30E03 - 785 - 788.mkv
One Pace S30E04 - 788 - 790.mkv
One Pace S30E05 - 791 - 793.mkv
One Pace S30E06 - 793 - 795.mkv
One Pace S30E07 - 796 - 798.mkv
One Pace S30E08 - 798 - 800.mkv
One Pace S30E09 - 800,803,807.mkv
One Pace S30E10 - 804 - 806.mkv
One Pace S30E11 - 806 - 808.mkv
One Pace S30E12 - 809 - 812.mkv
One Pace S30E13 - 812 - 815.mkv
One Pace S30E14 - 814 - 817.mkv
One Pace S30E15 - 817 - 820.mkv
One Pace S30E16 - 820 - 822.mkv
One Pace S30E17 - 823 - 825.mkv
One Pace S30E18 - 826 - 828.mkv
One Pace S30E19 - 828 - 830.mkv
One Pace S30E20 - 831 - 832.mkv
One Pace S30E21 - 831,833,834.mkv
One Pace S30E22 - 835 - 836.mkv
One Pace S30E23 - 837 - 839.mkv
One Pace S30E24 - 839 - 841.mkv
One Pace S30E25 - 841 - 843.mkv
One Pace S30E26 - 843 - 846.mkv
One Pace S30E27 - 846 - 848.mkv
One Pace S30E28 - 848 - 850.mkv
One Pace S30E29 - 851 - 853.mkv
One Pace S30E30 - 853,855,858.mkv
One Pace S30E31 - 856 - 858.mkv
One Pace S30E32 - 858 - 860.mkv
One Pace S30E33 - 860 - 862.mkv
One Pace S30E34 - 862 - 865.mkv
One Pace S30E35 - 865 - 868.mkv
One Pace S30E36 - 865,867,870.mkv
One Pace S30E37 - 871 - 872.mkv
One Pace S30E38 - 873 - 875.mkv
One Pace S30E39 - 876 - 877.mkv
One Pace S31E01 - 878 - 880.mkv
One Pace S31E02 - 881 - 885.mkv
One Pace S31E03 - 886 - 889.mkv
One Pace S32E01 - 890 - 891.mkv
One Pace S32E02 - 892 - 894.mkv
One Pace S32E03 - 894 - 897.mkv
One Pace S32E04 - 898 - 899.mkv
One Pace S32E05 - 900 - 902.mkv
One Pace S32E06 - 902 - 903.mkv
One Pace S32E07 - 904 - 905.mkv
One Pace S32E08 - 906,908,909.mkv
One Pace S32E09 - 909 - 911.mkv
One Pace S32E10 - 911 - 913.mkv
One Pace S32E11 - 914 - 915.mkv
One Pace S32E12 - 916.mkv
One Pace S32E13 - 917,919,924.mkv
One Pace S32E14 - 919 - 922.mkv
One Pace S32E15 - 921 - 923.mkv
One Pace S32E16 - 923 - 926.mkv
One Pace S32E17 - 926 - 928.mkv
One Pace S32E18 - 929 - 931.mkv
One Pace S32E19 - 931 - 934.mkv
One Pace S32E20 - 934 - 937.mkv
One Pace S32E21 - 936 - 938.mkv
One Pace S32E22 - 939 - 940.mkv
One Pace S32E23 - 941 - 943.mkv
One Pace S32E24 - 942 - 944.mkv
One Pace S32E25 - 945 - 947.mkv
One Pace S32E26 - 947 - 949.mkv
One Pace S32E27 - 950 - 951.mkv
One Pace S32E28 - 952 - 953.mkv
One Pace S32E29 - 954 - 955.mkv
One Pace S32E30 - 955 - 956.mkv
One Pace S32E31 - 957.mkv
One Pace S32E32 - 958.mkv
One Pace S32E33 - 959 - 960.mkv
One Pace S32E34 - 960 - 961.mkv
One Pace S32E35 - 961 - 963.mkv
One Pace S32E36 - 963 - 964.mkv
One Pace S32E37 - 964 - 967.mkv
One Pace S32E38 - 967 - 968.mkv
One Pace S32E39 - 969 - 971.mkv
One Pace S32E40 - 971 - 975.mkv
One Pace S32E41 - 975 - 977.mkv
One Pace S32E42 - 978 - 980.mkv
One Pace S32E43 - 981 - 982.mkv
One Pace S32E44 - 983 - 985.mkv
One Pace S32E45 - 985 - 988.mkv
One Pace S32E46 - 988 - 991.mkv
One Pace S32E47 - 991 - 994.mkv
One Pace S32E48 - 994 - 997.mkv
One Pace S32E49 - 997 - 1000.mkv
One Pace S32E50 - 1001 - 1003.mkv
One Pace S32E51 - 1003 - 1006.mkv
One Pace S32E52 - 1006 - 1009.mkv
One Pace S32E53 - 1009 - 1011.mkv
One Pace S32E54 - 1012 - 1014.mkv
One Pace S32E55 - 1015.mkv
One Pace S33E01 - 1086 - 1088.mkv
One Pace S33E02 - 1087 - 1088.mkv
One Pace S33E03 - 1089 - 1090.mkv
One Pace S33E04 - 1091 - 1093.mkv
One Pace S33E05 - 1093 - 1095.mkv
One Pace S33E06 - 1096 - 1097.mkv
One Pace S33E07 - 1097 - 1099.mkv
One Pace S33E08 - 1099 - 1102.mkv
One Pace S33E09 - 1102 - 1104.mkv
One Pace S33E10 - 1104 - 1107.mkv
One Pace S33E11 - 1107 - 1109.mkv
One Pace S33E12 - 1108,1110,1111.mkv
One Pace S33E13 - 1112.mkv
One Pace S33E14 - 1113 - 1115.mkv
One Pace S33E15 - 1116 - 1117.mkv
One Pace S33E16 - 1118 - 1119.mkv
One Pace S33E17 - 1119 - 1120.mkv
One Pace S33E18 - 1121 - 1122.mkv
One Pace S33E19 - 1123 - 1124.mkv